{"epoch": 4, "train_loss": 0.0010932937730103731, "val_acc": 0.8764609887735153, "test_acc": 0.17081988758806274, "_timestamp": 1719903439.7316234, "_runtime": 50.71490550041199, "_step": 499, "_wandb": {"runtime": 57}}