{"epoch": 667, "train_loss": 0.9642906188964844, "val_acc": 0.5089782498735458, "test_acc": 0.463452456474237, "_timestamp": 1719976093.023669, "_runtime": 181.97212409973145, "_step": 667, "_wandb": {"runtime": 186}}