{"epoch": 664, "train_loss": 0.9782896637916565, "val_acc": 0.5110858202663969, "test_acc": 0.4636991612039191, "_timestamp": 1719976319.4404545, "_runtime": 180.40974259376526, "_step": 664, "_wandb": {"runtime": 185}}