{"epoch": 499, "train_loss": 0.1841977834701538, "val_acc": 0.5237081058393511, "test_acc": 0.45419529125518826, "_timestamp": 1719903450.2467008, "_runtime": 24.105904817581177, "_step": 499, "_wandb": {"runtime": 24}}