{"epoch": 698, "train_loss": 0.9000400900840759, "val_acc": 0.5136570561456753, "test_acc": 0.46042151265242826, "_timestamp": 1719977299.9556348, "_runtime": 198.43390083312988, "_step": 698, "_wandb": {"runtime": 202}}