{"epoch": 637, "train_loss": 0.402106374502182, "val_acc": 0.6105209914011128, "test_acc": 0.5710509621484458, "_timestamp": 1719903670.512477, "_runtime": 135.62956190109253, "_step": 637, "_wandb": {"runtime": 136}}