{"epoch": 647, "train_loss": 0.9649345278739929, "val_acc": 0.5143736300792446, "test_acc": 0.4632409952773666, "_timestamp": 1719977804.9505868, "_runtime": 214.80371069908142, "_step": 647, "_wandb": {"runtime": 218}}