{"epoch": 1, "train_loss": 0.40357112884521484, "val_acc": 0.5545561348116602, "test_acc": 0.5190595369880155, "_timestamp": 1719903332.8649242, "_runtime": 84.44895625114441, "_step": 499, "_wandb": {"runtime": 85}}