{"epoch": 676, "train_loss": 0.9702636003494263, "val_acc": 0.5083459787556904, "test_acc": 0.45848311834778316, "_timestamp": 1719977050.9398737, "_runtime": 198.80657172203064, "_step": 676, "_wandb": {"runtime": 203}}