{"epoch": 680, "train_loss": 0.9455916285514832, "val_acc": 0.5085567357949755, "test_acc": 0.4688094734616198, "_timestamp": 1719976562.0522475, "_runtime": 190.89151859283447, "_step": 680, "_wandb": {"runtime": 195}}