{"epoch": 499, "train_loss": 0.044249359518289566, "val_acc": 0.8386262924667651, "test_acc": 0.9183899556868538, "_timestamp": 1719902293.5756488, "_runtime": 35.08826971054077, "_step": 499, "_wandb": {"runtime": 34}}