{"epoch": 763, "train_loss": 0.9412797689437866, "val_acc": 0.5133619962906761, "test_acc": 0.46694156622259814, "_timestamp": 1719975572.3584368, "_runtime": 250.72488474845886, "_step": 763, "_wandb": {"runtime": 255}}