{"epoch": 643, "train_loss": 0.454246461391449, "val_acc": 0.539453717754173, "test_acc": 0.506766758299852, "_timestamp": 1719902593.0098627, "_runtime": 137.29614663124084, "_step": 643, "_wandb": {"runtime": 138}}