{"epoch": 605, "train_loss": 0.470275342464447, "val_acc": 0.5447226437363007, "test_acc": 0.47198139141467543, "_timestamp": 1719902961.276046, "_runtime": 137.85230898857117, "_step": 605, "_wandb": {"runtime": 138}}