{"epoch": 672, "train_loss": 0.9094999432563782, "val_acc": 0.5103270949249705, "test_acc": 0.4661309649679284, "_timestamp": 1719977541.9764073, "_runtime": 190.645836353302, "_step": 672, "_wandb": {"runtime": 193}}