{"epoch": 678, "train_loss": 0.945572018623352, "val_acc": 0.5073343449671219, "test_acc": 0.46352294353986045, "_timestamp": 1719975859.7525527, "_runtime": 237.87300872802734, "_step": 678, "_wandb": {"runtime": 242}}