{"epoch": 499, "train_loss": 0.05080319941043854, "val_acc": 0.943921568627451, "test_acc": 0.9209150326797385, "_timestamp": 1719903101.2125468, "_runtime": 30.21122694015503, "_step": 499, "_wandb": {"runtime": 30}}