{"epoch": 499, "train_loss": 0.041934508830308914, "val_acc": 0.9435007385524372, "test_acc": 0.9634416543574594, "_timestamp": 1719903398.4708726, "_runtime": 31.50321674346924, "_step": 499, "_wandb": {"runtime": 32}}