{"epoch": 656, "train_loss": 0.9618473052978516, "val_acc": 0.507376496374979, "test_acc": 0.46412208359765983, "_timestamp": 1719976806.7690308, "_runtime": 195.42075991630554, "_step": 656, "_wandb": {"runtime": 199}}